"";"test";"sample_size";"correlation";"type";"issue";"n";"rel_freq"
"1";"CON_PHI";1000;0;"mild";1;1;5,20833333333333e-05
"2";"FL";1000;0;"mild";1;1;5,20833333333333e-05
"3";"HTMT_2";100;1;"mild";1;1;5,20833333333333e-05
"4";"HTMT_2";200;0,7;"mild";1;1;5,20833333333333e-05
"6";"HTMT_2";1000;0,3;"mild";1;1;5,20833333333333e-05
"7";"MGA";100;0,7;"harsh";1;1;5,20833333333333e-05
"9";"CON_PHI";200;0,7;"mild";1;9;0,00046875
"10";"FL";200;0,7;"mild";1;9;0,00046875
"11";"CON_PHI";200;0,7;"harsh";1;10;0,000520833333333333
"12";"FL";200;0,7;"harsh";1;10;0,000520833333333333
"13";"HTMT_COR";200;0,3;"harsh";1;10;0,000520833333333333
"14";"HTMT_COR";200;0,7;"harsh";1;15;0,00078125
"15";"MGA";50;0,3;"harsh";1;16;0,000833333333333333
"16";"HTMT_COR";200;0;"harsh";1;17;0,000885416666666667
"17";"HTMT_COR";200;1;"harsh";1;17;0,000885416666666667
"18";"MGA";50;0,7;"harsh";1;18;0,0009375
"19";"MGA";50;0,3;"mild";1;22;0,00114583333333333
"20";"MGA";50;0;"mild";1;23;0,00119791666666667
"21";"MGA";50;1;"harsh";1;25;0,00130208333333333
"22";"MGA";50;0;"harsh";1;33;0,00171875
"23";"MGA";50;0,7;"mild";1;38;0,00197916666666667
"24";"MGA";50;1;"mild";1;38;0,00197916666666667
"27";"HTMT_2";100;0,7;"mild";1;56;0,00291666666666667
"28";"HTMT_2";50;1;"mild";1;83;0,00432291666666667
"29";"HTMT_COR";100;0,7;"harsh";1;145;0,00755208333333333
"30";"HTMT_COR";100;0,3;"harsh";1;148;0,00770833333333333
"31";"HTMT_COR";100;0;"harsh";1;150;0,0078125
"32";"HTMT_COR";100;1;"harsh";1;168;0,00875
"33";"HTMT_COV";200;0,3;"harsh";1;212;0,0110416666666667
"34";"HTMT_COV";200;0,7;"harsh";1;214;0,0111458333333333
"35";"HTMT_COV";200;0;"harsh";1;217;0,0113020833333333
"36";"HTMT_COV";200;1;"harsh";1;223;0,0116145833333333
"37";"CON_PHI";200;0,3;"mild";1;235;0,0122395833333333
"38";"FL";200;0,3;"mild";1;235;0,0122395833333333
"39";"CON_PHI";100;0,7;"harsh";1;238;0,0123958333333333
"40";"FL";100;0,7;"harsh";1;238;0,0123958333333333
"41";"CON_PHI";200;0,3;"harsh";1;246;0,0128125
"42";"FL";200;0,3;"harsh";1;246;0,0128125
"43";"CON_PHI";100;0,7;"mild";1;249;0,01296875
"44";"FL";100;0,7;"mild";1;249;0,01296875
"45";"CON_PHI";200;0;"harsh";1;350;0,0182291666666667
"46";"FL";200;0;"harsh";1;350;0,0182291666666667
"47";"FL";200;0;"mild";1;391;0,0203645833333333
"48";"CON_PHI";200;0;"mild";1;393;0,02046875
"50";"HTMT_2";50;0,7;"mild";1;572;0,0297916666666667
"51";"HTMT_COR";50;0,7;"harsh";1;594;0,0309375
"52";"HTMT_COR";50;0;"harsh";1;596;0,0310416666666667
"53";"HTMT_COR";50;0,3;"harsh";1;614;0,0319791666666667
"54";"HTMT_COR";50;1;"harsh";1;614;0,0319791666666667
"55";"HTMT_COV";100;0,7;"harsh";1;758;0,0394791666666667
"56";"HTMT_COV";100;0;"harsh";1;768;0,04
"57";"HTMT_COV";100;1;"harsh";1;780;0,040625
"58";"HTMT_COV";100;0,3;"harsh";1;787;0,0409895833333333
"60";"HTMT_2";200;0,3;"mild";1;1003;0,0522395833333333
"61";"FL";100;0,3;"harsh";1;1070;0,0557291666666667
"62";"CON_PHI";100;0,3;"harsh";1;1072;0,0558333333333333
"63";"CON_PHI";100;0,3;"mild";1;1089;0,05671875
"64";"FL";100;0,3;"mild";1;1089;0,05671875
"65";"CON_PHI";50;0,7;"harsh";1;1094;0,0569791666666667
"66";"FL";50;0,7;"harsh";1;1094;0,0569791666666667
"67";"CON_PHI";50;0,7;"mild";1;1177;0,0613020833333333
"68";"FL";50;0,7;"mild";1;1177;0,0613020833333333
"69";"FL";100;0;"mild";1;1279;0,0666145833333333
"70";"FL";100;0;"harsh";1;1282;0,0667708333333333
"71";"CON_PHI";100;0;"harsh";1;1315;0,0684895833333333
"72";"CON_PHI";100;0;"mild";1;1317;0,06859375
"73";"HTMT_COV";50;0;"harsh";1;1481;0,0771354166666667
"74";"HTMT_COV";50;0,3;"harsh";1;1525;0,0794270833333333
"75";"HTMT_COV";50;0,7;"harsh";1;1530;0,0796875
"76";"HTMT_COV";50;1;"harsh";1;1560;0,08125
"78";"HTMT_2";100;0,3;"mild";1;2221;0,115677083333333
"79";"FL";50;0,3;"harsh";1;2503;0,130364583333333
"80";"CON_PHI";50;0,3;"harsh";1;2523;0,13140625
"81";"FL";50;0,3;"mild";1;2604;0,135625
"82";"CON_PHI";50;0,3;"mild";1;2631;0,13703125
"83";"FL";50;0;"harsh";1;2952;0,15375
"84";"FL";50;0;"mild";1;3011;0,156822916666667
"85";"CON_PHI";50;0;"harsh";1;3151;0,164114583333333
"87";"CON_PHI";50;0;"mild";1;3185;0,165885416666667
"88";"HTMT_2";50;0,3;"mild";1;3368;0,175416666666667
"91";"HTMT_2";100;0;"harsh";1;4823;0,251197916666667
"103";"HTMT_2";50;0;"harsh";1;4957;0,258177083333333
"106";"HTMT_2";50;0;"mild";1;4962;0,2584375
"108";"HTMT_2";1000;0;"mild";1;4978;0,259270833333333
"109";"CON_PHI";1000;1;"mild";1;4988;0,259791666666667
"110";"FL";1000;1;"mild";1;4988;0,259791666666667
"111";"HTMT_2";200;0;"harsh";1;4996;0,260208333333333
"113";"HTMT_2";1000;0;"harsh";1;5001;0,26046875
"118";"HTMT_2";200;0;"mild";1;5023;0,261614583333333
"119";"CON_PHI";100;1;"mild";1;5038;0,262395833333333
"120";"FL";100;1;"mild";1;5038;0,262395833333333
"123";"HTMT_2";100;0;"mild";1;5046;0,2628125
"124";"CON_PHI";1000;1;"harsh";1;5084;0,264791666666667
"125";"FL";1000;1;"harsh";1;5084;0,264791666666667
"126";"CON_PHI";200;1;"harsh";1;5089;0,265052083333333
"127";"FL";200;1;"harsh";1;5089;0,265052083333333
"128";"CON_PHI";200;1;"mild";1;5099;0,265572916666667
"129";"FL";200;1;"mild";1;5099;0,265572916666667
"130";"CON_PHI";100;1;"harsh";1;5105;0,265885416666667
"131";"FL";100;1;"harsh";1;5105;0,265885416666667
"132";"CON_PHI";50;1;"harsh";1;5147;0,268072916666667
"133";"FL";50;1;"harsh";1;5147;0,268072916666667
"135";"CON_PHI";50;1;"mild";1;5216;0,271666666666667
"136";"FL";50;1;"mild";1;5216;0,271666666666667
"139";"HTMT_2";50;0,3;"harsh";1;6843;0,35640625
"148";"HTMT_2";100;0,3;"harsh";1;7819;0,407239583333333
"166";"HTMT_2";200;0,3;"harsh";1;9040;0,470833333333333
"176";"HTMT_2";50;0,7;"harsh";1;9475;0,493489583333333
"199";"HTMT_2";100;0,7;"harsh";1;9946;0,518020833333333
"200";"HTMT_2";50;1;"harsh";1;9957;0,51859375
"217";"HTMT_2";200;0,7;"harsh";1;9998;0,520729166666667
"222";"HTMT_2";1000;0,3;"harsh";1;9999;0,52078125
"235";"HTMT_2";100;1;"harsh";1;10000;0,520833333333333
"236";"HTMT_2";200;1;"harsh";1;10000;0,520833333333333
"238";"HTMT_2";1000;0,7;"harsh";1;10000;0,520833333333333
"240";"HTMT_2";1000;1;"harsh";1;10000;0,520833333333333
